{
    "hardware_info": {
        "cpu_count": 32,
        "memory_total_gb": 62.64,
        "gpus": [
            {
                "name": "NVIDIA GeForce RTX 5090",
                "memory_total_mb": 32607
            }
        ]
    },
    "all_runs": [
        {
            "size_name": "small",
            "num_envs": 64,
            "benchmark_results": {
                "No viewer": 56.23062300682068,
                "Viewer OFF": 47.121623039245605,
                "Viewer ON": 279.6198923587799
            }
        },
        {
            "size_name": "medium",
            "num_envs": 256,
            "benchmark_results": {
                "No viewer": 49.43019080162048,
                "Viewer OFF": 45.95075273513794,
                "Viewer ON": 278.1740071773529
            }
        },
        {
            "size_name": "large",
            "num_envs": 1024,
            "benchmark_results": {
                "No viewer": 47.598713874816895,
                "Viewer OFF": 45.3951690196991,
                "Viewer ON": 279.95715141296387
            }
        }
    ]
}