{
    "True": 120.87936687469482,
    "False": 123.42780685424805,
    "None": 15.816911935806274
}